1	https://1plus1.ua/ru	https://1plus1.ua/ru/online	https://1plus1.ua/ru/teleprograma	https://tvgid.ua/channels/1plus1/	https://1plus1.video/	https://1plus1.video/ru/tvguide/1plus1in/online	https://1plus1.video/ru/tvguide/1plus1	https://1plus1.video/ru/tvguide/bigudi/online	https://tsn.ua/ukrayina/tsn-zasudila-poyavu-v-proekti-1-1-oksani-marchenko-1198506.html
8	https://www.citrus.ua/smartfony/brand-apple/seriya_iphone-8-plus_iphone-8/	https://worldoftanks.ru/ru/news/special-offers/aktsiya-8-let-world-of-tanks/	https://1plus1.ua/ru/shkola/video/skola-8-seria	https://www.nokia.com/ru_ru/phones/nokia-8	https://www.stb.ua/ru/2018/08/09/master-shef-8-sezon-obyavlena-data-starta-shou-v-2018-godu/	https://www.championat.com/football/article-3509965-paok---spartak-8-avgusta-2018-goda-onlajn-transljacija.html	https://24tv.ua/ru/glavnye_novosti_ukrainy_na_segodnja_08_08_2018_novosti_mira_segodnja_8_avgusta_n1012220	https://lifehacker.ru/nachalnik/
1	https://1plus1.ua/ru	https://1plus1.ua/ru/online	https://1plus1.ua/ru/teleprograma	https://tvgid.ua/channels/1plus1/	https://1plus1.video/	https://1plus1.video/ru/tvguide/1plus1in/online	https://1plus1.video/ru/tvguide/1plus1	https://1plus1.video/ru/tvguide/bigudi/online	https://tsn.ua/ukrayina/tsn-zasudila-poyavu-v-proekti-1-1-oksani-marchenko-1198506.html
5	https://www.5.ua/suspilstvo	https://www.5.ua/about/veduchi	https://ru.wikipedia.org/wiki/5_(%D1%87%D0%B8%D1%81%D0%BB%D0%BE)	https://www.intertelecom.ua/view/tariff/day5	https://24tv.ua/vsogo_5__10_hvilin_v_den_nazvali_efektivne_zanyattya_dlya_dovgolittya_n1013163	https://allo.ua/ru/products/mobile/xiaomi-redmi-5-3-32-black.html	https://allo.ua/ru/products/mobile/xiaomi-redmi-5-2-16-black.html	https://1plus1.ua/ru/shkola/video/skola-5-seria	https://lenta.ru/news/2018/08/09/proton/
6	https://ru.wikipedia.org/wiki/6_(%D1%87%D0%B8%D1%81%D0%BB%D0%BE)	https://ru.wikipedia.org/wiki/6_%D0%B3%D0%BE%D0%B4	https://www.ivi.ru/movies/comedy/page6	https://mobile-review.com/review/oneplus-6.shtml	https://www.nokia.com/uk_ua/phones/nokia-6	https://www.eway.in.ua/ua/cities/lviv/routes/309	https://vogue.ua/article/beauty/byuti-gid/6-chasovoy-son-polza-ili-vred.html
7	https://7days.ru/news/	https://vshkole.com/7-klass/reshebniki	https://ru.wikipedia.org/wiki/7_%D0%B3%D0%BE%D0%B4	http://chery.ua/dir/tiggo7.html	https://www.eway.in.ua/ua/cities/lviv/routes/327	https://mir24.tv/news/16317038/priblizhenie-oseni-primety-i-poverya-na-7-avgusta	https://zverhu.novy.tv/ua/tax_season/sezon-7/	https://studio.code.org/flappy/78	https://www.citrus.ua/smartfony/brand-apple/seriya_iphone-8-plus_iphone-8/	https://worldoftanks.ru/ru/news/special-offers/aktsiya-8-let-world-of-tanks/	https://1plus1.ua/ru/shkola/video/skola-8-seria	https://www.stb.ua/ru/2018/08/09/master-shef-8-sezon-obyavlena-data-starta-shou-v-2018-godu/	https://24tv.ua/skilki_smartfon_xiaomi_mi_8_bude_koshtuvati_v_ukrayini_n1012365	https://www.nokia.com/ru_ru/phones/nokia-8	https://www.youtube.com/watch?v=wdDig6qy2hc	https://russia.tv/video/show/brand_id/62053/episode_id/1539234/video_id/1673548/	https://lifehacker.ru/nachalnik/	https://www.ivi.ru/watch/gromovyi/133090	https://russia.tv/video/show/brand_id/9297/episode_id/94955/video_id/94955/	https://russia.tv/video/show/brand_id/62445/episode_id/1682412/video_id/1801294/	https://ru.wikipedia.org/wiki/8_%D0%B3%D0%BE%D0%B4	https://www.golos-ameriki.ru/a/current-time-america-8-8/4519051.html	https://www.ivi.ru/watch/malchiki-krashe-tsvetov/212652	https://kiev.informator.ua/2018/08/08/8-avgusta-kuda-pojti-segodnya/	https://rozetka.com.ua/nokia_8_ds_tempered_blue/p21275430/	https://lenta.ru/news/2018/08/09/tmz/	https://books.google.com.ua/books?id=AsHG-MeUyDQC&pg=PA571-IA188&lpg=PA571-IA188&dq=8&source=bl&ots=v-u8kiWsOC&sig=IDuf21VJbo1rPrfDSLrWGeIH9Yk&hl=ru&sa=X&ved=2ahUKEwiEiJu0suLcAhWYJDQIHduMDBgQ6AEwEnoECFIQAQ	https://www.championat.com/football/article-3509965-paok---spartak-8-avgusta-2018-goda-onlajn-transljacija.html	https://books.google.com.ua/books?id=DrY5AgAAQBAJ&pg=PA23&lpg=PA23&dq=8&source=bl&ots=xXK7hhkbAw&sig=CMD_5JvUxLNC_OA4BSS7el70Ihg&hl=ru&sa=X&ved=2ahUKEwiEiJu0suLcAhWYJDQIHduMDBgQ6AEwFHoECFAQAQ	https://www.eway.in.ua/ua/cities/lviv/routes/10378	https://hitech.vesti.ru/article/901183/	https://itc.ua/blogs/aktsionnaya-tsena-na-planshet-amazon-fire-hd-8-predlozhenie-ot-kotorogo-slozhno-otkazatsya/	https://vshkole.com/8-klass/reshebniki	https://tsn.ua/ukrayina/u-harkovi-student-inozemec-vikinuvsya-z-8-go-poverhu-1198281.html	https://www.obozrevatel.com/city/news/8-avgusta-kakoj-segodnya-prazdnik.htm	https://kp.ua/culture/615085-halyna-yz-shou-kholostiak-8-ob-uchastyy-v-konkurse-krasoty-za-mnoi-ne-stoiat-papyky	http://vseigru.net/igry-shou-delfinov/20690-igra-shou-delfinov-8.html	https://www.vtb.ru/personal/vklady-i-scheta/scheta/nakopitelny-schet-akciia/	https://www.1tv.ru/news/issue/2018-08-08/12:00	https://nv.ua/world/-8-avhusta-rossijskaja-aviatsija-uzhe-bombila-horod-ochevidets-sobytij-o-tom-kak-rovno-desjat-let-nazad-rossija-vtorhlas-v-hruziju-2487225.html	https://www.eldorado.ru/cat/1461428/items/apple_iphone_8_apple_iphone_8_plus/	https://novaposhta.ua/ru/office/view/id/8/city/%D0%97%D0%B0%D0%BF%D0%BE%D1%80%D0%BE%D0%B6%D1%8C%D0%B5	https://studio.code.org/flappy/8	https://kogda.by/routes/brest/autobus/8	https://www.ferra.ru/ru/mobile/news/2018/08/08/samsung-android-oreo-update-roadmap/	https://www.mbta.com/schedules/8	https://books.google.com.ua/books?id=wE9bAAAAQAAJ&pg=PA8&lpg=PA8&dq=8&source=bl&ots=ziwioeOTHY&sig=zZil773i41q8vdFdVXfj5iq3LSQ&hl=ru&sa=X&ved=2ahUKEwiEiJu0suLcAhWYJDQIHduMDBgQ6AEwJnoECD4QAQ	https://www.zditm.szczecin.pl/pasazer/rozklady-jazdy,linia,8	http://suits-tv.com/online/8-season/	https://www.cbs.com/shows/the_bold_and_the_beautiful/video/9OMP74lL6_gjBJlrEM4B_4r2UT24z4ZF/the-bold-and-the-beautiful-8-8-2018/	https://www.giants.com/video/giants-training-camp-live-8-8	https://gisher.org/video/politseyskiy-s-rublevki-3-sezon-8-seriya.html	https://www.adme.ru/tvorchestvo-kino/8-serialov-kotorye-nazvali-luchshimi-v-2018-godu-hotite-posmotret-chto-to-krutoe-vybirajte-lyuboj-iz-nih-1828215/	https://clash-service.ru/clash/8th/	https://www.microsoft.com/ru-ru/software-download/windows8	https://ukrainian.voanews.com/a/visim-polozhen-obotonnoho-budzhetu/4518789.html	https://www.kingcounty.gov/depts/transportation/metro/schedules-maps/008.aspx	https://ukr.media/humor/368702/	http://mignews.com.ua/relax/anekdoty/19746971.html	https://www.epravda.com.ua/news/2018/08/8/639427/	https://fishki.net/8/	https://www.att.com/cellphones/iphone/apple-iphone-8.html	http://gomeltrans.net/routes/bus/8/	https://life.ru/t/%D0%B3%D0%B0%D0%B4%D0%B6%D0%B5%D1%82%D1%8B/1141939/xiaomi_priedstavila_flaghman_mi_8_s_uvielichiennym_obiomom_opierativnoi_pamiati	http://www.surrenderat20.net/2018/08/88-pbe-update-more-tentative-balance.html	https://apod.nasa.gov/apod/ap180808.html	https://www.kp.ru/putevoditel/serialy/amerikanskaya-istoria-uzshasov-8-sezon/	https://www.gsmarena.com/xiaomi_mi_8_explorer-9218.php	https://rutube.ru/video/b0fc6df40d68eae966bf0af062c91e51/	https://www.cnet.com/news/galaxy-note-9-specs-vs-galaxy-s9-s9-plus-note-8-whats-new/	https://www.avery.com/templates/8160	https://www.apple.com/lae/iphone/compare/	https://szigetfestival.com/ru/programs	https://fakty.ictv.ua/ua/lifestyle/zdorove/20180807-na-chernigivshhyni-8-lyudej-potrapyly-do-likarni-pislya-pomynalnogo-obidu/	https://www.kinopoisk.ru/premiere/ru/	http://bus.com.ua/cgi-bin/tablo.pl?as=460800	https://orelireshka.tv/archive/season-8/	https://karofilm.ru/theatres/3	https://m.vkino.ua/ru/cinema/kinocentr-smart	https://www.hse.ru/dormitory/3listnik	https://allo.ua/ru/products/mobile/serija_smartfony-apple_iphone_8_plus/	https://www.verizonwireless.com/smartphones/samsung-galaxy-note-8/	http://www.patriarchia.ru/bible/jn/8/	https://multiplex.ua/movie/351279	https://www.svyaznoy.ru/catalog/phone/225/samsung/galaxy-s8	http://www2.hm.com/ru_ru/deti/vybrat-kategoriyu/devochki-8-14-let.html	https://www.gazprombank.ru/personal/take_credit/mortgage/142852/	https://www.sport-express.ru/football/champions-league/fbl_match-paok-spartak-m-288541/	http://www.un.org/ru/events/womensday/	https://www.dw.com/ru/8-%D1%81%D0%B0%D0%BC%D1%8B%D1%85-%D0%BF%D0%BE%D0%BF%D1%83%D0%BB%D1%8F%D1%80%D0%BD%D1%8B%D1%85-%D0%B2-%D0%B3%D0%B5%D1%80%D0%BC%D0%B0%D0%BD%D0%B8%D0%B8-%D0%BA%D0%BE%D1%88%D0%B0%D1%87%D1%8C%D0%B8%D1%85-%D0%BF%D0%BE%D1%80%D0%BE%D0%B4-%D1%84%D0%BE%D1%82%D0%BE/a-38770141	https://strana.ua/news/155029-ofitsialnyj-kurs-valjut-nbu-na-8-avhusta-dollar-stal-deshevle-na-11-kopeek.html	https://kinoafisha.ua/films/vosem-podrug-oushena	https://iml.ru/contacts	https://www.re-store.ru/catalog/MQ6H2RU-A/	http://winrar-full.com/for-windows.html	http://www.girlsgogames.ru/igra/my-dolphin-show-8	https://gorod.dp.ua/news/148572	http://www.gp-8.ru/	https://winrar.ru.softonic.com/	https://mon.gov.ua/ua/news/9987-mlrd-grn-na-8-navchalnih-oseredkiv-liliya-grinevich-rozpovila-yak-ta-za-yaki-groshi-maye-stvoryuvatisya-novij-osvitnij-prostir	https://cars.av.by/audi/a8-d3	https://jabko.ua/iphone/iphone-8/	http://kosti-tv.com/online/8-season/	http://kirillovka.ks.ua/orfey-2/	http://president.gov.by/ru/official_documents_ru/view/dekret-8-ot-21-dekabrja-2017-g-17716/	http://www.consultant.ru/document/cons_doc_LAW_144624/ab3273e757a9e718cbb3741596bc36eb8138e4f6/	https://www.cabinsofthesmokymountains.com/gatlinburg-pigeon-forge-cabin-rentals/8-20-bedroom/
6	https://ru.wikipedia.org/wiki/6_(%D1%87%D0%B8%D1%81%D0%BB%D0%BE)	https://ru.wikipedia.org/wiki/6_%D0%B3%D0%BE%D0%B4	https://www.ivi.ru/movies/comedy/page6	https://russia.tv/video/show/brand_id/62053/episode_id/1539225/video_id/1673153/	https://mobile-review.com/review/oneplus-6.shtml	https://www.eway.in.ua/ua/cities/lviv/routes/309	https://www.youtube.com/watch?v=X7KyNLH34c8	https://www.youtube.com/watch?v=h40MjkSoPq4	https://rozetka.com.ua/xiaomi_redmi_6_4_64gb_grey/p46107072/	https://www.golos-ameriki.ru/a/current-time-america-8-6/4515858.html	https://kinoafisha.ua/films/missiya-nevpolnima-6	https://24tv.ua/ru/goroskop_na_nedelju_s_06_08_2018_po_12_08_2018_goroskop_dlja_vseh_znakov_zodiaka_n1009503	http://www.flymeos.com/ru/	https://kogda.by/routes/brest/autobus/6	http://6.pogoda.by/	https://www.juviasplace.com/products/juvias-6-eyeshadow-palette-bundle	https://hochu.ua/cat-goroskopy/goroskop-na-nedelyu/article-87423-goroskop-na-nedelyu-6-12-avgusta-stariki-vsemu-veryat-lyudi-srednih-let-vseh-podozrevayut-molodyie-vse-znayut/	http://vseigru.net/igry-vzorvi-eto/19504-igra-vzorvi-eto-6.html	https://pampers.detmir.ru/product/index/id/685391/	http://www.newson6.com/category/158741/warn-interactive-live-radar	https://www.boostmobile.com/phones/apple-iphone-6.html	https://www.vesti.ru/doc.html?id=3046800	http://dp73.spb.ru/zapis-na-priem/dpo-6/	http://www.toto.bg/check/6x49	http://www.patriarchia.ru/bible/mk/6/	https://novaposhta.ua/ru/office/view/id/6/city/%D0%97%D0%B0%D0%BF%D0%BE%D1%80%D0%BE%D0%B6%D1%8C%D0%B5	https://www.mi.com/ua/mi6/	https://vogue.ua/article/beauty/byuti-gid/6-chasovoy-son-polza-ili-vred.html	https://www.mvideo.ru/obzor-oneplus-6	https://www.transitchicago.com/bus/6/	https://www.olx.ua/list/q-iphone-6/	https://www.oneplus.com/6	https://fakty.ictv.ua/ru/videos/vypusk-18-45-6-serpnya/	https://www.ixbt.com/news/2018/08/10/huawei-maimang-6-and-nova-3e-gpu-turbo.html	https://echo.msk.ru/blog/day_video/2256450-echo/	https://www.theguardian.com/music/2018/aug/09/bbc-radio-6-music-reshuffle	https://xn--80apagqghjt.xn--p1ai/312-svaty-sezony-1-6-vse-serii.html	https://1plus1.ua/odruzhennya-naoslip/video/ganna-j-arkadij-odruzenna-naoslip-6-vipusk-3-sezon	https://www.stb.ua/ru/2018/08/06/goroskop-na-nedelyu-s-6-po-12-avgusta-2018-goda-ot-astrologov-vse-bude-dobre/	https://vshkole.com/6-klass/reshebniki	https://mcdonalds.ru/products/75	https://smartprice.ru/product/Apple_iPhone-6_used/	http://shels.com.ua/gis6.htm?sl=RU	https://vk.com/caramel6	https://znaj.ua/popcorn/muchenykiv-borysa-i-gliba-6-serpnya-chogo-kategorychno-ne-mozhna-robyty	http://www.consultant.ru/document/cons_doc_LAW_34661/85ebd6cb5138b31da96b1488716a764c41d50496/	https://allo.ua/ru/products/internet-planshety/samsung-galaxy-tab-e-9-6-8gb-3g-black-sm-t561nzkasek.html	https://www.next.ua/ru/boys/younger-boys	https://www.obozrevatel.com/lady/astro/goroskop-na-6-12-avgusta-horoshee-nachalo-katastroficheskij-final.htm	https://www.hse.ru/dormitory/odin	https://www.91mobiles.com/oneplus-6-price-in-india	https://www.echr.coe.int/Documents/Guide_Art_6_criminal_RUS.pdf	https://vodokanal.kharkov.ua/news	https://minfin.com.ua/2018/08/09/34524448/	https://www.cbs.com/shows/elementary/video/LCQOzw_Z60oeT_wHa1PAxox28StqNOBn/elementary-through-the-fog/	https://e.mail.ru/	https://www.7ya.ru/babygrowth/6month/	http://6abc.com/	https://books.google.com.ua/books?id=5xQBCAAAQBAJ&pg=PA96&lpg=PA96&dq=6&source=bl&ots=GhcI1KxdYy&sig=PF_1XCrgAozzlwsyI3HMaW24JaM&hl=ru&sa=X&ved=2ahUKEwjizZu0suLcAhViGzQIHRpDABQQ6AEwQHoECCkQAQ	https://books.google.com.ua/books?id=SklgAAAAcAAJ&pg=PA129&lpg=PA129&dq=6&source=bl&ots=vVsCk1F83p&sig=YXdC9D72cj8Bn6jQzcozgf0hOH8&hl=ru&sa=X&ved=2ahUKEwjizZu0suLcAhViGzQIHRpDABQQ6AEwQXoECCgQAQ	https://rutube.ru/metainfo/tv/285/season6	http://www.kino.kz/cinema.asp?cinemaid=62	https://kiev.informator.ua/2018/08/06/6-avgusta-kakoj-segodnya-prazdnik/	https://karofilm.ru/theatres?id=11	https://books.google.com.ua/books?id=7tWIDgAAQBAJ&pg=PA54&lpg=PA54&dq=6&source=bl&ots=MNbVsKTufn&sig=C6IlqEjx6oWDqvI6wN9JLJJYepQ&hl=ru&sa=X&ved=2ahUKEwjizZu0suLcAhViGzQIHRpDABQQ6AEwRnoECCMQAQ	https://www.forbes.com/sites/scottmendelson/2018/08/07/box-office-mission-impossible-fallout-tom-cruise-henry-cavill-rebecca-ferguson/	https://lifehacker.ru/malosolnye-ogurcy/	https://direct.asda.com/george/kids/girls-1-6-years/D25M2G1C22,default,sc.html	https://books.google.com.ua/books?id=PBdbAAAAcAAJ&pg=PA168&lpg=PA168&dq=6&source=bl&ots=TGGeQtnaC3&sig=VVD4kDH6LfVmDYnz06KKVs0nZG4&hl=ru&sa=X&ved=2ahUKEwjizZu0suLcAhViGzQIHRpDABQQ6AEwSnoECB8QAQ	https://www.1tv.ru/shows/golos-6	https://hotline.ua/mobile-mobilnye-telefony-i-smartfony/nokia-6-series/	http://www.privacy-regulation.eu/en/article-6-lawfulness-of-processing-GDPR.htm	http://football.ua/spain/368914-kurtua-podpisal-kontrakt-s-realom.html	https://books.google.com.ua/books?id=ZTkFCgAAQBAJ&pg=PA49&lpg=PA49&dq=6&source=bl&ots=ZWFxQYCG5j&sig=cjiwjsvI6oU64fLonCVWFEDJA1Q&hl=ru&sa=X&ved=2ahUKEwjizZu0suLcAhViGzQIHRpDABQQ6AEwT3oECBoQAQ	https://wm.exchanger.ru/asp/wmlist.asp?exchtype=34	https://www.svyaznoy.ru/catalog/phone/225/samsung/galaxy-a/a6-2018	https://ru.tsn.ua/blogi/themes/astrology/chto-zvezdy-nam-prorochat-astroprognoz-na-6-12-avgusta-1196889.html	https://www.ikea.com/ru/ru/catalog/categories/departments/dining/21825/	http://www.who.int/features/qa/breastfeeding/ru/	https://news.finance.ua/ru/news/-/431971/ukraina-popala-v-top-6-postavshhikov-piva-v-evropu	https://habr.com/post/419653/	https://www.citrus.ua/smartfony/iphone-6-32gb-gold-apple-627003.html	https://www.stoloto.ru/6x36/game	https://www.apple.com/au/shop/buy-iphone/iphone6s	https://www.imdb.com/title/tt2372162/episodes	https://amazing-rp.com/forums/server-6.143/	https://angular.io/guide/rx-library	http://www.vulture.com/2018/08/orange-is-the-new-black-recap-season-6-episode-9.html	https://r6.tracker.network/	https://www.nokia.com/ru_ru/phones/nokia-6	https://www.vox.com/culture/2018/8/9/17665634/oscars-new-categories	https://www.babyblog.ru/cb/6-nedelya	https://cars.av.by/audi/a6-c4	https://aikataulut.tampere.fi/?line=6	https://qz.com/india/1348580/apple-iphone-6-not-cheapest-se-is-indians-choice/	https://xn--80abucjiibhv9a.xn--p1ai/%D0%B4%D0%BE%D0%BA%D1%83%D0%BC%D0%B5%D0%BD%D1%82%D1%8B/543/%D1%84%D0%B0%D0%B9%D0%BB/745/%D0%BF%D1%80%D0%B8%D0%BA%D0%B0%D0%B7%20%D0%9E%D0%B1%20%D1%83%D1%82%D0%B2%D0%B5%D1%80%D0%B6%D0%B4%D0%B5%D0%BD%D0%B8%D0%B8%20373.rtf	https://regencymovies.com/main.php?theaterId=30	https://nv.ua/opinion/davtyan/chto-pochitat-v-otpuske-6-knih-dlja-uma-i-biznesa--2487717.html	https://shop.mts.ru/catalog/smartfony/apple/iphone-6s/
7	https://www.youtube.com/watch?v=qF9_5XjKmfU	https://7days.ru/news/	https://vshkole.com/7-klass/reshebniki	https://www.oschadbank.ua/ua/private/web_bank_ng/	https://ru.wikipedia.org/wiki/7_%D0%B3%D0%BE%D0%B4	https://ru.wikipedia.org/wiki/%D0%A1-7	http://chery.ua/dir/tiggo7.html	https://rozetka.com.ua/nokia_7_plus_11b2nb01a01/p35493231/	https://www.eway.in.ua/ua/cities/lviv/routes/327	https://russia.tv/video/show/brand_id/62053/episode_id/1539181/video_id/1673342/	https://zverhu.novy.tv/ua/tax_season/sezon-7/	https://studio.code.org/flappy/7	http://www.atbmarket.com/ru/hot/akcii/7day	http://www.atbmarket.com/hot/akcii/7day/	https://www.gismeteo.ua/weather-kyiv-4944/5-7-days/	https://www.briz.ua/programma-7-dney/	http://m-7.co/lincoln/	https://www.eldorado.ru/cat/1461428/items/apple_iphone_7_apple_iphone_7_plus/	https://novaposhta.ua/ru/office/view/id/7/city/%D0%A7%D0%B5%D1%80%D0%BA%D0%B0%D1%81%D1%81%D1%8B	https://alfabank.ru/make-money/savings-account/now7/	http://womo.ua/7-svezhih-britanskih-serialov/	https://www.nokia.com/uk_ua/phones/nokia-7-plus	https://7sky.od.ua/	http://ek.ua/MEIZU-PRO-7-64GB.htm	https://echo.msk.ru/top/	http://www.kino.kz/cinema.asp?cinemaid=146	https://allo.ua/ru/products/internet-planshety/nomi-c070030-corsa3-lte-7-4g-16gb-chernyj.html	https://www.golos-ameriki.ru/a/current-time-america-8-7/4517436.html	https://cib.net.ua/katalog-vypuskov/katalog-iz-gazety-7-2018/	https://www.pravda.com.ua/news/2018/08/8/7188640/	http://vseigru.net/igry-villi/21012-igra-villi-7-detektiv.html	http://vseigru.net/igry-shou-delfinov/19942-igra-shou-delfinov-7.html	https://www.eurointegration.com.ua/experts/2018/08/7/7085338/	https://kpt.kiev.ua/information/passengers/timetable/trolleybus-7.html	https://books.google.com.ua/books?id=oAv6Vgk369cC&pg=PA9&lpg=PA9&dq=7&source=bl&ots=Enxg6uJCFw&sig=VSRIscCSkYMFqAtur7s7GjO_Z2c&hl=ru&sa=X&ved=2ahUKEwjOxpu0suLcAhXBOn0KHaStAcsQ6AEwKXoECEIQAQ	https://books.google.com.ua/books?id=wbs0DwAAQBAJ&pg=PA108&lpg=PA108&dq=7&source=bl&ots=sf_r4pbZlh&sig=F1gDPVDfwzfMrOsScs_v1xz57BA&hl=ru&sa=X&ved=2ahUKEwjOxpu0suLcAhXBOn0KHaStAcsQ6AEwKnoECEEQAQ	https://dp.informator.ua/2018/08/07/7-avgusta-kakoj-segodnya-prazdnik-2/	https://mir24.tv/news/16317038/priblizhenie-oseni-primety-i-poverya-na-7-avgusta	https://books.google.com.ua/books?id=gXFWDgAAQBAJ&pg=PA49&lpg=PA49&dq=7&source=bl&ots=OZg6gi2utM&sig=_lemc7wbVJDREij2UCSDz5iKuGs&hl=ru&sa=X&ved=2ahUKEwjOxpu0suLcAhXBOn0KHaStAcsQ6AEwLXoECD4QAQ	http://sp.freehat.cc/episode/season-7/	http://domohozayki.com/online/7-season/	https://books.google.com.ua/books?id=yfdmDwAAQBAJ&pg=PA218&lpg=PA218&dq=7&source=bl&ots=gqY5SgJ3oP&sig=kvsx29BiEl8_stm7ifkG0KdtiIY&hl=ru&sa=X&ved=2ahUKEwjOxpu0suLcAhXBOn0KHaStAcsQ6AEwMHoECDsQAQ	https://vovremia.com/baranovichi/avtobus/7	https://books.google.com.ua/books?id=jcgULHog948C&pg=PP3&lpg=PP3&dq=7&source=bl&ots=7NE58sd2Mt&sig=HWpHCuDRr4lMsDWgp1hEpki8p1A&hl=ru&sa=X&ved=2ahUKEwjOxpu0suLcAhXBOn0KHaStAcsQ6AEwMnoECDkQAQ	http://seasonvar.ru/serial-1550--Doktor_Haus-7-season.html	https://books.google.com.ua/books?id=GjQLAQAAIAAJ&pg=PA132&lpg=PA132&dq=7&source=bl&ots=i8URQ9vZfR&sig=GSBPALnkEZuS6pM5kmWloFX21sU&hl=ru&sa=X&ved=2ahUKEwjOxpu0suLcAhXBOn0KHaStAcsQ6AEwNHoECAkQAQ	https://books.google.com.ua/books?id=ChpWAAAAcAAJ&pg=PA26&lpg=PA26&dq=7&source=bl&ots=99h_SCa2Lr&sig=pOTh6QPSaUmT6jUIdvNH059zjz8&hl=ru&sa=X&ved=2ahUKEwjOxpu0suLcAhXBOn0KHaStAcsQ6AEwNXoECGMQAQ	https://clutch.ua/showbiz/news/zvezda-golosu-kraini-7-vera-kekelija-raskryla-sekrety-strojnoj-figury	https://1plus1.ua/snidanok-z-1-1/novyny/goroskop-na-7-serpna-2018-dla-vsih-znakiv-zodiaku	https://www.ama.dp.ua/divisions/pharmacy/8/	https://www.citrus.ua/brands/apple	http://www.7dniv.ua/ua/hotel-kamenec-podolskij	http://www.consultant.ru/document/cons_doc_LAW_51038/aeb9f2327f835ecc02fb71b9a0312ead0b844204/	https://xn--80aacbuczbw9a6a.xn--p1ai/serial-kak-ya-vstretil-vashu-mamu-7-sezon.html	https://www.kp.ru/putevoditel/serialy/sklifosovskiy-7-sezon/	https://www.olx.ua/list/q-iphone-7/	http://igrushki7.ua/	https://www.061.ua/news/2121462	http://gomeltrans.net/routes/trolleybus/7/	https://fishki.net/7/	https://avtocentr.com.ua/chery/chery-tiggo-7/	https://sg-7.com/	https://www.citilink.ru/catalog/computers_and_notebooks/parts/cpu/-protsessory-core-i7/	https://www.novayagazeta.ru/news/2018/08/09/144054-yurista-dionisiya-zolotova-prigovorili-k-7-5-godam-kolonii-za-hischenie-80-millionov-rubley-u-byvshego-top-menedzhera-roskosmosa	https://zs7.com.ua/	https://www.wxyz.com/weather/radar	http://winrar-full.com/for-windows.html	http://www.girlsgogames.ru/igra/my-dolphin-show-7	https://www.zditm.szczecin.pl/pasazer/rozklady-jazdy,linia,7	https://minfin.com.ua/2018/08/09/34534617/	https://fakty.ictv.ua/ru/videos/vypusk-7-45-10-serpnya-2/	https://7plus.com.au/	https://www.cosmo.ru/fashion/trends/udobno-i-zhenstvenno-7-par-baletok-kotorye-podoydut-podo-vse/	https://igis.ru/online?obj=27	https://www.sberbank.ru/promo/prosto7/	http://kosti-tv.com/online/7-season/	https://pidruchnyk.com.ua/7klas/	https://www.mbta.com/schedules/7	https://www.ivi.ru/movies/horror/page7	https://pogoda.e1.ru/	https://www.svyaznoy.ru/catalog/phone/224/4032767	https://www.unian.ua/society/10219472-v-ukrajinskih-vishah-zalishilosya-7-tisyach-byudzhetnih-misc-dlya-pilgovikiv.html	http://pdd.by/pdd/ru/a2-p7/	https://www.microsoft.com/es-es/download/windows.aspx	https://www.epravda.com.ua/news/2018/08/9/639460/	https://www.techradar.com/news/oneplus-7-leaks	https://www.avast.ru/windows-7-antivirus	https://kingcounty.gov/depts/transportation/metro/schedules-maps/007.aspx	http://www.europaplus.ru/index.php?go=city	https://www.imdb.com/title/tt1632701/episodes	http://7kanal.com.ua/	https://biblia.org.ua/bibliya/mf.html	http://perron7.com.ua/	http://pedpresa.ua/161857-7-navchalnyh-zon-yaki-povynni-buty-u-kozhnomu-klasi.html	https://247sports.com/college/oregon	https://www.mk.ru/incident/2018/08/09/u-beregov-turcii-utonuli-7-detey-i-2-zhenshhiny.html	https://www.say7.info/cook/kitchen/40-Vtoryie-bljuda/	https://medcollege7.ru/postupayushchim	http://7oops.com/
2	https://2plus2.ua/	https://2plus2.ua/teleprograma	https://2plus2.ua/online	https://tvgid.ua/channels/2plus2/	https://ru.wikipedia.org/wiki/2_(%D1%87%D0%B8%D1%81%D0%BB%D0%BE)	https://www.youtube.com/channel/UCbH-3GF4hWQ8Ri1KjGR8kNQ	https://lenta.ru/news/2018/08/09/ohnooooooo/	https://korrespondent.net/ukraine/3999288-poroshenko-nazval-severnyi-potok-2-troianskym-konem	https://korrespondent.net/business/companies/3999307-Nord-Stream-2-podala-danyy-alternatyvnyi-marshrut	https://finance.rambler.ru/economics/40528750-severnomu-potoku-2-nashli-alternativu/	https://www.ivi.ru/movies/comedy/page2	https://allo.ua/ru/products/mobile/xiaomi-redmi-5-2-16-black.html	https://allo.ua/ru/products/mobile/xiaomi-redmi-5a-2-16-grey.html	https://rozetka.com.ua/nokia_2_ds_white/p30860863/	https://dni.ru/showbiz/2018/8/10/404447.html	https://www.nord-stream2.com/ru/dlia-pressy/novosti-i-meropriiatiia/podacha-zaiavki-i-otcheta-ob-ovos-na-alternativnyi-marshrut-v-danii-104/	https://www.chilis.com/menu/dinner-for-2/dinner-for-2	https://www.vokrug.tv/article/show/stalo_izvestno_imya_budushchego_syna_uchastnikov_doma2_aleny_rapuntsel_i_ili_yabbarova_69015/	https://www.eway.in.ua/ua/cities/lviv/routes/129	https://oko-planet.su/lastnews/page/2/	https://footballua.tv/schedule/	https://www.eway.in.ua/ua/cities/lviv/routes/13	https://www.eway.in.ua/ru/cities/dnipro/routes/559	https://www.tvnz.co.nz/livetv/tvnz-2	https://vz.ru/news/2018/8/10/936476.html	https://www.gismeteo.ua/ua/weather-kyiv-4944/14-days/	https://vk.com/thisisfucko	https://politikus.ru/page/2/	http://rusvesna.su/news/1533890816	https://www.detmir.ru/catalog/index/name/gruppa_2_3/	https://terrikon.com/football/ukraine/secondleague/	https://1plus1.video/tvguide/2plus2	https://kyivstar.ua/ru/mm/tariffs/arhive	http://dynamo.kiev.ua/news/?page=2	https://litnet.com/ru/book/otbor-v-imperii-drakonov-kniga-2-b80916	https://afisha.tut.by/film/supersemeyka-2/	https://www.dns-shop.ru/catalog/dd58148920724e77/ssd-m2-nakopiteli/	https://kmb.ua/ru/objects/	https://kpt.kiev.ua/information/passengers/timetable/bus-2.html	https://sharij.net/page/2	http://gordonua.com/news/worldnews/poroshenko-severnyy-potok-2-eto-troyanskiy-kon-kremlya-protiv-evropeyskoy-energeticheskoy-i-geopoliticheskoy-bezopasnosti-301285.html	https://www.pravda.com.ua/news/2018/08/10/7188806/	https://www.obozrevatel.com/show/news/on-tupoj-zvezda-doma-2-rezko-vyiskazalas-o-muzhe-ani-lorak.htm	https://news.sportbox.ru/Vidy_sporta/Futbol/Liga_Chempionov/stats/turnir_14597/game_1380667257	https://www.kinopoisk.ru/film/961715/cast/	https://www.zditm.szczecin.pl/pasazer/rozklady-jazdy,linia,2	http://bus.com.ua/cgi-bin/tablo.pl?as=350200	https://2gis.ru/chelyabinsk	http://www.dota2.com/leaderboards/?l=russian	https://1plus1.ua/1plus1video/nashi-pani-u-varshavi/2-sezon/13-seriya-nashi-pani-u-varshavi-2-sezon-13-seriya	https://www.cian.ru/kupit-2-komnatnuyu-kvartiru/	https://biz.nv.ua/economics/poroshenko-nazval-severnyj-potok-2-trojanskim-konem-dlja-es-2487911.html	https://tophotels.ru/hotel/al127359	http://defence-line.org/page/2/	https://books.google.com.ua/books?id=UVppAAAAQBAJ&pg=PA2&lpg=PA2&dq=2&source=bl&ots=8idFwjnuou&sig=-zEWgiD2zFdnVufGkdP64AwsaFw&hl=ru&sa=X&ved=2ahUKEwiyipu0suLcAhVyKH0KHd7UD1QQ6AEwT3oECCsQAQ	https://www.costco.com/all-costco-grocery.html	https://cars.av.by/volkswagen/golf-2	https://betsdota2.com/	https://tastydrop.ru/	https://www.gov.uk/help-with-childcare-costs/free-childcare-2-year-olds	http://www.patriarchia.ru/bible/mf/2/	http://www.digitalspy.com/tv/ustv/feature/a861023/dynasty-season-2-release-date-cast-trailer-spoilers/	http://vseigru.net/igry-na-dvoikh/23100-igra-dzhim-lyubit-meri-2.html	https://store.steampowered.com/app/728880/Overcooked_2/	https://books.google.com.ua/books?id=Fo5VDwAAQBAJ&pg=PA74&lpg=PA74&dq=2&source=bl&ots=qCNNzsmdau&sig=mekxBz2zYTALhVLEORVnCH_WlCk&hl=ru&sa=X&ved=2ahUKEwiyipu0suLcAhVyKH0KHd7UD1QQ6AEwWXoECCEQAQ	https://www.itv.com/hub/love-island/2a3697a0134	https://www.championat.com/football/news-3511157-seleznjov-rad-zavoevat-2-titula-nekotorye-za-vsju-kareru-takogo-ne-dobivajutsja.html	http://www.nfl.com/schedules/2018/REG2	https://www.rbc.ua/rus/news/efremovu-prodlili-arest-2-mesyatsa-1533833551.html	https://books.google.com.ua/books?id=7EdVDwAAQBAJ&pg=PA44&lpg=PA44&dq=2&source=bl&ots=QL-228JXXV&sig=0EJL3LrN_phH4J4wYaRhNgHTUNU&hl=ru&sa=X&ved=2ahUKEwiyipu0suLcAhVyKH0KHd7UD1QQ6AEwXnoECBwQAQ	https://www.gismeteo.ru/weather-irkutsk-4787/2-weeks/	https://www.mvideo.ru/noutbuki-planshety-komputery/noutbuki-118/f/category=noutbuki-transformery-1224	https://www.t-mobile.com/cell-phone/lg-aristo-2-plus	http://meteoinfo.by/radar/?q=UMMN	https://lux.fm/serial-shkola-2-sezon-data-vihodu-ta-hto-zalishitsya-u-2-sezoni_n65633	https://russia.tv/video/show/brand_id/61836/episode_id/1498803/video_id/1627674/	https://www.imdb.com/title/tt5834204/episodes	https://books.google.com.ua/books?id=-iqsVjRAdOsC&pg=PA73&lpg=PA73&dq=2&source=bl&ots=pZqn2EfH3M&sig=CbbLwfFvpISQtjZx9uo9SaMZlR0&hl=ru&sa=X&ved=2ahUKEwiyipu0suLcAhVyKH0KHd7UD1QQ6AEwZnoECBQQAQ	http://www.starhit.ru/novosti/vlasti-moskvyi-podpisali-rasporyajenie-ob-izyyatii-territorii-doma-2-149238/	https://dotamix.com/	https://www.tvr.by/televidenie/belarus-2/	https://sport.ua/news/398321-mariupol-bordo-1-2-live	https://govoritmoskva.ru/broadcasts/2/	https://udf.by/page/2/	https://www.stateofdecay.com/news/	https://espreso.tv/news/2018/08/09/v_izrayili_znayshly_zolotu_serezhku_vikom_2_2_tys_rokiv	https://www.creagames.com/games/dk2	http://chelseablues.ru/?page2	https://www.php-fig.org/psr/psr-2/	https://us.shop.battle.net/en-us/product/destiny2-forsaken-legendary-collection	https://rutube.ru/metainfo/tv/374/season2	http://www.toto.bg/check/6x49	https://dota2.ru/news/?category=updates	https://life.ru/t/%D1%88%D0%BE%D1%83/1141891/v_smierti_zviezdy_doma-2_nie_nashli_kriminalnogho_slieda	https://bets4.pro/ru/	https://dom2.ru/heroes	https://football24.ua/ukrayina_tag50819/
1	https://1plus1.ua/ru	https://1plus1.ua/ru/online	https://1plus1.ua/ru/teleprograma	https://1plus1.ua/online	https://tvgid.ua/channels/1plus1/	https://1plus1.video/	https://1plus1.video/ru/tvguide/1plus1in/online	https://1plus1.video/ru/tvguide/bigudi/online	https://1plus1.video/ru/tvguide/1plus1	https://www.facebook.com/1plus1.ua/	https://tsn.ua/ukrayina/tsn-zasudila-poyavu-v-proekti-1-1-oksani-marchenko-1198506.html	https://www.youtube.com/channel/UCXoJ8kY9zpLBEz-8saaT3ew	https://uk.wikipedia.org/wiki/1%2B1	https://rabota.ua/company828062	https://footballua.tv/ua/schedule/	https://footballua.tv/schedule/	https://www.radiosvoboda.org/a/oksana-marchenko-tanci-z-zirkamy/29422059.html	http://zbirna.com/2018/08/10/chehi-hoteli-poselit-komandu-shevchenko-v-moskve-poslednie-novosti-vokrug-sbornoj-ukrainy/	https://www.eway.in.ua/ua/cities/lviv/routes/11	https://viva.ua/news/4370-pochemu-oksanu-marchenko-priglasili-na-shou-tantsi-z-zirkami-zayavlenie-rukovodstva-11	https://www.delivery-auto.com/ru/Representatives/Details/693b6d45-b249-e211-ab75-00155d012d0d	https://ukranews.com/news/577696-11-pokazhet-oksanu-marchenko-v-svoem-shou-nesmotrya-na-protesty-tsn	http://isport.ua/auto/f1/314994-Formula-1-lichnyj-zachet-pilotov-v-sezone-2018	http://football.ua/uefa/368962-mariupol-bordo-13-video-golov-i-obzor-matcha.html	https://russia.tv/video/show/brand_id/62053/episode_id/1539223/video_id/1672147/	https://www.ua-football.com/foreign/europa_league/1533849186-zarya-braga-1-1-video-golov-i-obzor-matcha.html	https://tv.i.ua/1plus1/	http://news.bigmir.net/ukraine/1843087-Budet-li-pervyj-zvonok-1-sentjabrja--v-MON-pojasnili-situaciju	http://bus.com.ua/cgi-bin/tablo.pl?as=350100	https://terrikon.com/football/france/championship/	https://tet.tv/1plus1video/vecherinka/1-sezon/1-seriya-vechirka-1-sezon-1-seriya	https://novostroyki.lun.ua/%D0%B6%D0%BA-%D1%83%D1%80%D0%BB%D0%BE%D0%B2%D1%81%D0%BA%D0%B8%D0%B9-1-%D0%BA%D0%B8%D0%B5%D0%B2	https://2plus2.ua/teleprograma	http://1tv.com.ua/schedule	https://ua.motorsport.com/f1/news/	http://www.vsetv.com/schedule_channel_3_week.html	https://kpt.kiev.ua/information/passengers/timetable/tram-1.html	https://novaposhta.ua/office/view/id/1/city/%D0%9F%D0%BE%D0%BB%D1%82%D0%B0%D0%B2%D0%B0	https://novaposhta.ua/	http://vseigru.net/igry-trollfejs/20801-igra-trollfejs-kvest-1.html	https://mail.ukr.net/classic	https://www.pravda.com.ua/news/2018/08/9/7188692/	https://lux.fm/serial-shkola-2-sezon-data-vihodu-ta-hto-zalishitsya-u-2-sezoni_n65633	https://www.testcentr.org.ua/uk/krok-1	https://kharkov.internet-bilet.ua/events-rubric/3/concert/	https://olimpkz.com/mobile/index.php?page=line&action=1&live=1	http://www.online-perviy.tv/bcast/	https://plus-plus.tv/1plus1video/bejblejd-vzryv/1-sezon	https://tophotels.ru/hotel/al9554	https://intime.ua/ru-map/zaporozhe-ul-pobedy-131-a	https://intime.ua/ru-map/mariupol-ul-kuprina-10	http://www.rivne1.tv/Info/?t=23	http://podrobnosti.ua/all/archive/	https://charts.finance.ua/ru/currency/interbank/-/1/usd	https://www.bbc.com/ukrainian/news-45125396	http://1tv.kr.ua/	http://tvua.biz/1pl1.html	http://nashemisto.dp.ua/2018/08/09/pojdut-li-malenkie-dnepryane-v-shkolu-v-subbotu-1-sentyabrya/	https://www.f1news.ru/Championship/2018/personpoints.shtml	https://sport.ua/news/398321-mariupol-bordo-1-2-live	https://inbox.google.com/u/1/	https://sota.kh.ua/	https://fakty.ictv.ua/ua/ukraine/20180809-bojovyky-obstrilyaly-avto-vijskovyh-pid-zolotym-1-zagyblyj-4-poranenyh/	https://uakey.com.ua/ua/setificate-one-office/text=3&page=1?lang=ukr	https://scdnipro1.com.ua/	https://newsone.ua/news/society/zapusk-usluhi-po-perenosu-mobilnykh-nomerov-v-ukraine-naznachen-na-1-maja.html	https://detector.media/medialife/article/139991/2018-08-08-zhurnalisty-tsn-protestuyut-protiv-poyavleniya-oksany-marchenko-v-proekte-tantsy-so-zvezdami-na-kanale-11-dopolneno/	https://www.parimatch.com/	https://www.med-test.in.ua/uk/node	http://ppos.lnu.edu.ua/questions/	https://rutube.ru/metainfo/tv/2435/season1	http://dynamo.kiev.ua/comp/ukraine/table/	https://brd.ua/otdyh/a-161.html	https://www.itv.com/hub/love-island/2a3697a0083	https://www.1tv.ru/movies/krasnye-braslety/krasnye-braslety-1-seriya-smotrite-na-oficialnom-sayte-pervogo-kanala-6-avgusta-v-00-30	http://escapequest.com.ua/lviv	http://rus24.tv/rossiya1.html	https://sportarena.com/football/ukraina-pervaya-liga/	https://football24.ua/liga_chempioniv_championat_tag50824/	https://censor.net.ua/news/3080680/mariupol_ustupaet_bordo_a_zarya_igraet_vnichyu_s_bragoyi_pervyyi_tur_tretego_raunda_kvalifikatsii_ligi	http://osvita.ua/legislation/	https://korrespondent.net/sport/football/3998295-slavyia-dynamo-11-vydeo-holov-y-obzor-matcha-lyhy-chempyonov	http://comedyportal.net/watch-online/noviy-chelovek-2018-serial-ctc	http://rossiya-1.lapti.tv/	http://viks.tv/341-rossiya-1.html	https://www.championat.com/auto/article-3509117-gonschiki-formuly-1-s-nizkimi-ballami-za-pervuju-polovinu-sezona-2018.html	https://www.nokia.com/en_int/phones/nokia-1	https://www.sports.ru/athletics/1065905206.html	https://ru.y8.com/tags/1_Player	https://yummyanime.com/catalog/item/skazka-o-hvoste-fei	https://books.google.com.ua/books?id=xEVu5xUWo0gC&pg=RA3-PA19&lpg=RA3-PA19&dq=1&source=bl&ots=5ahiu1b5ig&sig=Q4K3eUGZRrW-W4HcHev1eGMiD60&hl=ru&sa=X&ved=0ahUKEwigg5u0suLcAhUkO30KHchxAosQ6AEI5AUwcw	https://www.1-day.co.nz/	https://www.eurosport.ru/football/uefa-nations-league/2018-2019/story_sto6882301.shtml	https://books.google.com.ua/books?id=8aWLAQAAQBAJ&pg=PA51&lpg=PA51&dq=1&source=bl&ots=03O0VhXu1b&sig=vs3o2loae6HB-oDSworjPFfPTs4&hl=ru&sa=X&ved=0ahUKEwigg5u0suLcAhUkO30KHchxAosQ6AEI9QUwdg	https://books.google.com.ua/books?id=X5NADwAAQBAJ&pg=PA9&lpg=PA9&dq=1&source=bl&ots=IGGddVgBhl&sig=EBXCTNL0fV2acx6sZrvQeh2zaHg&hl=ru&sa=X&ved=0ahUKEwigg5u0suLcAhUkO30KHchxAosQ6AEI9wUwdw	https://www.rbc.ua/rus/news/liniyu-razgranicheniya-donbasse-iyule-peresekli-1533889683.html	https://books.google.com.ua/books?id=KWSBAQAAQBAJ&pg=PT1456&lpg=PT1456&dq=1&source=bl&ots=WmFOh0ymXI&sig=u3o2BAGMvfCtPQlAMmt2Py4BvhM&hl=ru&sa=X&ved=0ahUKEwigg5u0suLcAhUkO30KHchxAosQ6AEIgQYweQ
3	https://www.kp.ru/putevoditel/serialy/mazhor-3-sezon/	https://ru.wikipedia.org/wiki/3_(%D1%87%D0%B8%D1%81%D0%BB%D0%BE)	https://allo.ua/ru/products/mobile/xiaomi-redmi-5-plus-3-32-black.html	https://www.eway.in.ua/ua/cities/lviv/routes/14	https://korrespondent.net/lifestyle/gadgets/3998974-Google-Pixel-3-XL-pokazaly-na-zhyvom-vydeo	https://www.ivi.ru/movies/comedy/page3	https://sharij.net/page/3	https://24tv.ua/ru/xiaomi_mi_max_3_huawei_honor_note_10_sravnenie_cena_harakteristiki_smartfonov_n1011411	https://rozetka.com.ua/xiaomi_dvb4150cn/p13693479/	https://1plus1.ua/ru/shkola/video/shkola-3-seriya	https://www.ixbt.com/news/2018/08/09/google-pixel-3-xl.html	https://www.gismeteo.by/weather-minsk-4248/3-days/	https://www.gismeteo.by/weather-brest-4912/3-days/	https://www.youtube.com/watch?v=5d1MZsa8iCY	https://www.youtube.com/channel/UCWParBCQ4W46CDNAxA5IXFg	https://www.valottery.com/SearchNumbers/pick3/	https://books.google.com.ua/books?id=Jw1NDwAAQBAJ&pg=PA51&lpg=PA51&dq=3&source=bl&ots=b7qMGLOcuk&sig=qnVSXETi-ItpD9uLEtsSu_apk6w&hl=ru&sa=X&ved=2ahUKEwjIlsu0suLcAhVkITQIHfpmCmwQ6AEwGnoECFMQAQ	https://www.championat.com/football/news-3510809-minskoe-dinamo-razgromilo-zenit-v-matche-3-go-kvalifikacionnogo-raunda-le.html	https://news.sportbox.ru/Vidy_sporta/Futbol/Liga_Chempionov/spbvideo_NI880360_clip_PAOK___Spartak___32_Goly_i_luchshije_momenty	https://www.gismeteo.ua/ua/weather-kharkiv-5053/	https://www.gismeteo.ua/ua/weather-lutsk-4928/	https://www.gismeteo.ua/weather-kyiv-4944/	https://www.gismeteo.ua/weather-cherkasy-4956/	https://www.gismeteo.ua/weather-khmelnytskyi-4952/	https://litnet.com/ru/book/akademiya-transformaciya-3-b71836	https://books.google.com.ua/books?id=YDT1-GRiidIC&pg=PA305&lpg=PA305&dq=3&source=bl&ots=me8SOnGtEw&sig=OIsGfjsAMPgYbHI4VeVe9rhTh7U&hl=ru&sa=X&ved=2ahUKEwjIlsu0suLcAhVkITQIHfpmCmwQ6AEwI3oECEoQAQ	https://habr.com/post/413997/	https://www.gismeteo.ru/weather-izhevsk-4508/3-days/	https://www.gismeteo.ru/weather-nizhny-novgorod-4355/3-days/	https://books.google.com.ua/books?id=zNp1S_DAJv4C&pg=PP112&lpg=PP112&dq=3&source=bl&ots=EPCZV04h77&sig=64GwawVfj5dk5d2L6H_j01FC4pI&hl=ru&sa=X&ved=2ahUKEwjIlsu0suLcAhVkITQIHfpmCmwQ6AEwJ3oECEYQAQ	https://www.gismeteo.ru/weather-volgograd-5089/3-days/	https://www.gismeteo.ru/weather-saratov-5032/3-days/	https://books.google.com.ua/books?id=NZNBCgAAQBAJ&pg=PA2&lpg=PA2&dq=3&source=bl&ots=PW9ioLkQ-2&sig=leZFR0iNeTL8XAwQyC72Lddhz0M&hl=ru&sa=X&ved=2ahUKEwjIlsu0suLcAhVkITQIHfpmCmwQ6AEwKnoECEMQAQ	https://www.1tv.ru/movies/inkvizitor/inkvizitor-3-i-4-serii-smotrite-na-oficialnom-sayte-pervogo-kanala-2-avgusta-v-23-00	https://fakty.ictv.ua/ru/ukraine/20180810-koly-bude-pershyj-dzvonyk-1-chy-3-veresnya/	https://rutube.ru/metainfo/tv/374/season3	https://books.google.com.ua/books?id=Bz0OAAAAQAAJ&pg=RA2-PA104&lpg=RA2-PA104&dq=3&source=bl&ots=GdsuHJxOn0&sig=kH_1YuDrngiYfikmenWMQEOFraw&hl=ru&sa=X&ved=2ahUKEwjIlsu0suLcAhVkITQIHfpmCmwQ6AEwLnoECD8QAQ	https://www.nclottery.com/Pick3Past	https://life.ru/t/%D0%B3%D0%B0%D0%B4%D0%B6%D0%B5%D1%82%D1%8B/1142058/google_pixel_3_xl_poiavilsia_na_vidieo	https://lifehacker.ru/xiaomi-hey/	https://inforesist.org/google-pixel-3-xl-poyavilsya-na-video/	https://skaties.lv/3plus/programma/	https://tsn.ua/ukrayina/suprun-rozpovila-scho-regulyarni-probizhki-prodovzhuyut-zhittya-na-3-roki-1199151.html	http://www.mdlottery.com/games/pick-3/	https://www.itv.com/hub/love-island/2a3697a0083	https://www.mnlottery.com/games/lotto_games/daily_3/winning_s/	https://bibleonline.ru/bible/rus/41/03/	https://echo.msk.ru/news/2256468-echo.html	https://kpt.kiev.ua/information/passengers/timetable/tram-3.html	https://www.ohiolottery.com/Games/DrawGames/Pick-3	https://www.detmir.ru/catalog/index/name/gruppa_1_2_3/	https://www.facenews.ua/video/2018/307547/	https://www.freeopenvpn.org/logpass/russia-3.php	https://comfy.ua/smartfon-xiaomi-redmi-note-5-3-32-black.html	https://makeup.com.ua/categorys/3/	https://www.gismeteo.kz/weather-astana-5164/3-days/	http://rickandmorty.cn-fan.ru/series.php?id=310	https://mcdonalds.ru/happymeal/toys	https://www.bbc.co.uk/schedules/p00fzl8t	http://www.calend.ru/holidays/8-3/	https://www.cian.ru/kupit-3-komnatnuyu-kvartiru/	https://multiplex.ua/ua/movie/351537	https://www.three.co.uk/My3Account	https://novaposhta.ua/ru/office/view/id/3/city/%D0%A1%D1%83%D0%BC%D1%8B	https://terrikon.com/football/ukraine/championship/	https://www.imdb.com/title/tt4922804/	https://www.pravda.com.ua/news/2018/08/9/7188692/	http://www.illinoislottery.com/en-us/mobile/Winning_Number_Search/PICK3.html	https://3dnews.ru/news/page-3.html	https://vk.com/morethanthree	https://russia.tv/video/show/brand_id/61836/episode_id/1498853/video_id/1627856/	https://www.wral.com/entertainment/lottery/video/1075494/	http://students.lnu.edu.ua/campus/hurtozhytky/hurtozhytok-3/	https://www.mediamarkt.ru/catalog/igry_i_pristavki/igry_dlya_sony_playstation	http://vseigru.net/igry-shutery/24794-igra-pikselnyj-shuter-3.html	https://www.epravda.com.ua/news/2018/08/8/639442/	https://www.microsoft.com/ru-ru/p/forza-horizon-3-%D1%81%D1%82%D0%B0%D0%BD%D0%B4%D0%B0%D1%80%D1%82%D0%BD%D0%BE%D0%B5-%D0%B8%D0%B7%D0%B4%D0%B0%D0%BD%D0%B8%D0%B5/9nblggh4x6t9	https://tophotels.ru/hotel/al5472	https://shop.lego.com/en-US/creator-3-in-1-sets	https://www.kinopoisk.ru/premiere/ru/2018/	https://www.t-mobile.com/cell-phone/t-mobile-3-in-1-sim-starter-kit	https://www.sport-express.ru/football/champions-league/fbl_match-paok-spartak-m-288541/	https://pasport.org.ua/contact	https://www.netflix.com/title/80074220	https://timesofindia.indiatimes.com/india/indian-family-offloaded-from-british-airways-flight-over-crying-3-yr-old/articleshow/65330048.cms	https://www.tvr.by/televidenie/belarus-3/	https://www.sports.ru/football/1065896868.html	https://pogoda.e1.ru/	http://www.online-tv3.tv/bcast/	http://bus.com.ua/cgi-bin/tablo.pl?as=050300	https://sho-me.ru/obnovleniya/obnovleniya-dlya-kombo	https://znaj.ua/techno/xiaomi-mi-mix-3-povnyj-oglyad-i-cina-flagmana	http://sp.freehat.cc/episode/season-3/	http://www.flalottery.com/winningNumbers	https://www.delivery-auto.com/ru/Representatives/Details/dd3a6d45-b249-e211-ab75-00155d012d0d	https://meteo.by/minsk/	https://www.metlink.org.nz/timetables/bus/3	https://gagadget.com/announce/39313-opublikovano-video-s-raspakovkoj-smartfona-google-pixel-3-xl/	http://pogodavtomske.ru/
5	https://www.5.ua/suspilstvo	https://ru.wikipedia.org/wiki/5_(%D1%87%D0%B8%D1%81%D0%BB%D0%BE)	https://www.intertelecom.ua/view/tariff/day5	https://24tv.ua/vsogo_5__10_hvilin_v_den_nazvali_efektivne_zanyattya_dlya_dovgolittya_n1013163	https://allo.ua/ru/products/mobile/xiaomi-redmi-5-3-32-black.html	https://allo.ua/ru/products/mobile/xiaomi-redmi-5-2-16-black.html	https://1plus1.ua/ru/shkola/video/skola-5-seria	https://rozetka.com.ua/xiaomi_redmi_5_plus_3_32gb_black/p34844039/	https://kogda.by/routes/brest/autobus/5	https://www.nokia.com/ru_ru/phones/nokia-5	https://laravel.ru/docs/	https://www.gismeteo.ua/weather-kyiv-4944/3-5-days/	https://www.gismeteo.ua/weather-luhansk-5082/3-5-days/	https://5element.by/catalog/13-televizory-i-video	https://www.citrus.ua/smartfony/redmi-5-plus-32gb-black-xiaomi-ua-626504.html	https://books.google.com.ua/books?id=yZdiDwAAQBAJ&pg=PA135&lpg=PA135&dq=5&source=bl&ots=7efpmHWgh1&sig=HnoM1CcWmqjy_ayYYY8ORjrX6fc&hl=ru&sa=X&ved=2ahUKEwijw5u0suLcAhXrHjQIHbPLA8AQ6AEwGXoECFQQAQ	https://tophotels.ru/hotel/al26555	http://yrp.life/	https://books.google.com.ua/books?id=SHuaVtueQlEC&pg=PA101&lpg=PA101&dq=5&source=bl&ots=skfrk68dFC&sig=hwGSmMYOkJC1K8WoQ8UaphfnFi8&hl=ru&sa=X&ved=2ahUKEwijw5u0suLcAhXrHjQIHbPLA8AQ6AEwHHoECFEQAQ	https://books.google.com.ua/books?id=I3J8CAAAQBAJ&pg=PR16&lpg=PR16&dq=5&source=bl&ots=nPmO5UBl7W&sig=t2gAqlBY5sfJCoktyclVu5ae2pQ&hl=ru&sa=X&ved=2ahUKEwijw5u0suLcAhXrHjQIHbPLA8AQ6AEwHXoECFAQAQ	https://kyivmarathon.org/race/kyiv-run-5-km/	http://sportloto.by/home	https://litnet.com/ru/book/mir-karika-5-beskonechnaya-voina-b74091	https://www.vtb.ru/personal/vklady-i-scheta/scheta/nakopitelny-schet-akciia/	https://vk.com/v5inf	https://pampers.detmir.ru/product/index/id/685321/	https://habr.com/post/419779/	https://lady.mail.ru/article/503580-bandaletki-prokladki-i-eshhe-5-sposobov-oblegchit-zhizn-polnym-devushkam-v-zharu/	https://www.lockobank.ru/landing/private-person-loans-new/	https://lenta.ru/news/2018/08/09/proton/	http://odpublic.net/news/2018/08/10/bmw-protaranil-5-mashin-841187	https://www.1tv.ru/movies/inkvizitor/inkvizitor-5-i-6-serii-smotrite-na-oficialnom-sayte-pervogo-kanala-6-avgusta-v-23-00	http://www.consultant.ru/document/cons_doc_LAW_305/22c260b788536c4fc7b9a9ea65de44d4aea083dc/	https://echo.msk.ru/news/2256468-echo.html	https://fishki.net/5/	https://www.cnbc.com/2018/08/09/market-bull-braces-for-5-10-percent-pullback-sees-buying-opportunity.html	http://animevost.org/tip/tv/2048-persona-5-the-animation.html	https://www.ixbt.com/news/2018/08/08/amd-ryzen-3-2300x-ryzen-5-2500x-ddr4-2933.html	https://www.popmech.ru/gadgets/435932-5-izobreteniy-kotorye-dolgo-zhdali-svoego-chasa/	https://censor.net.ua/resonance/3079929/nyak_grosh_ne_kompensuyut_prinijennya_top5_prichin_chomu_kontraktniki_zvlnyayutsya_z_arm	https://ru.tsn.ua/nauka_it/2-5-mln-za-uyazvimosti-issledovatel-trebuet-ot-apple-dengi-dlya-amnesty-international-1199199.html	https://www.nature.com/articles/s41586-018-0395-5	http://ek.ua/XIAOMI-REDMI-5-PLUS-32GB.htm	https://ru.gta5-mods.com/scripts	https://maximum.fm/5-knig-pro-pravdu-yaki-rozkriyut-vam-ochi_n146163	https://comfy.ua/smartfon-xiaomi-redmi-5-plus-4-64gb-black.html	https://www.cosmo.ru/fashion/trends/glavnyy-akcent-5-yarkih-golovnyh-uborov-kotorye-prigodyatsya-tebe-osenyu/	https://vodokanal.kharkov.ua/news	https://www.eway.in.ua/ru/cities/kyiv/routes/374	https://mon.gov.ua/ua/osvita/zagalna-serednya-osvita/navchalni-programi/navchalni-programi-5-9-klas	https://novaposhta.ua/ru/office/view/id/5/city/%D0%9E%D0%B4%D0%B5%D1%81%D1%81%D0%B0	https://www.5-tv.ru/	https://kyivdennoch.novy.tv/ru/videos/episode/premera-kiev-dnem-i-nochyu-tolko-vpered-anons/	https://www.otpusk.com/hotel/32282-perredelta_hotel	https://www.mi.com/in/redmi-5/	https://www.mvideo.ru/products/smartfon-xiaomi-redmi-5-plus-32gb-black-30032609	https://www.forbes.com/sites/davidthier/2018/08/09/location-guide-fortnites-season-5-snobby-shores-treasure-map-where-to-find-the-treasure/	http://vseigru.net/igry-krasnyj-shar/20799-igra-krasnyj-shar-5.html	http://www.calend.ru/holidays/8-5/	http://trysyny.com/5-star/ua/	http://dynamo.kiev.ua/news/?page=5	https://www.tripadvisor.ru/Hotel_Review-g297555-d1718075-Reviews-Stella_Di_Mare_Beach_Hotel_Spa-Sharm_El_Sheikh_South_Sinai_Red_Sea_and_Sinai.html	http://www.anextour.com/hotel/478/club-magic-life-sharm-el-sheikh-imperial/	http://www.toto.bg/check/5x35	https://e-5.com.ua/ru	https://bibleonline.ru/bible/rus/41/05/	https://www.txlottery.org/export/sites/lottery/Games/Lotto_Texas/	https://tripmydream.com/blog/podborki/top-5-kyrortov-chernogorii-pljusu-i-minysu-kazhdogo-iz-nih	https://www.nclottery.com/	https://www.victoriassecret.com/pink/panty	https://www.amazon.in/Mi-Redmi-5-Gold-32GB/dp/B0756RF9KY	https://mi-shop.com/ru/catalog/smartphones/redmi-5-3-32gb/	https://www.chefmarket.ru/5dinners-basic	http://www.5zvezd.ru/schedule/	https://minfin.com.ua/2018/08/10/34535660/	https://vshkole.com/5-klass/reshebniki	https://primpogoda.ru/weather/vladivostok	http://pk.kpi.ua/entry-5-course/	http://mk-5.ru/forabit/index.phtml	https://rp5.ru/%D0%9F%D0%BE%D0%B3%D0%BE%D0%B4%D0%B0_%D0%B2_%D0%A2%D1%8E%D0%BC%D0%B5%D0%BD%D0%B8,_%D0%A2%D1%8E%D0%BC%D0%B5%D0%BD%D1%81%D0%BA%D0%B0%D1%8F_%D0%BE%D0%B1%D0%BB%D0%B0%D1%81%D1%82%D1%8C	https://www.tvr.by/live-broadcast/	https://www.ua-football.com/foreign/france/1533793327-bordo-otpravil-v-arendu-brazilca-za-kotorogo-zaplatil-7-5-mln-evro.html	https://www.techradar.com/news/best-phone/5	https://www.kfc.com/menu/5-fill-ups	https://igra.evroopt.by/howtoget_certificate/	https://tabletki.ua/%D0%90%D0%BA%D1%82%D0%BE%D0%B2%D0%B5%D0%B3%D0%B8%D0%BD/pharmacy/	http://rp5.ua/%D0%9F%D0%BE%D0%B3%D0%BE%D0%B4%D0%B0_%D0%B2_%D0%A7%D0%B5%D1%80%D0%BD%D0%BE%D0%B2%D1%86%D0%B0%D1%85_(%D0%B0%D1%8D%D1%80%D0%BE%D0%BF%D0%BE%D1%80%D1%82)	https://www.zara.com/es/es/ninos-nino-tops-l269.html	https://eldorado.ua/smartphones/c1038946/producer=xiaomi/	https://www.pravda.com.ua/rus/news/2018/08/8/7188635/	https://www.garmin.ru/watches/catalog/fenix/	https://www.7ya.ru/babygrowth/5month/	https://joinup.ua/hotel/reef-oasis-beach-resort/	https://dclottery.com/games/dc5/default.aspx	http://www.insat.org.ua/phpfiles/services/ldvpe/5/	https://pogoda.e1.ru/	https://www.cricketwireless.com/cell-phones/smartphones/moto-e5-cruise.html	https://www.moneysavingexpert.com/phones/cheap-sim-only-contracts/
4	http://4pda.ru/	https://russia.tv/video/show/brand_id/63059/episode_id/1864688/video_id/1942080/	https://russia.tv/video/show/brand_id/59531/episode_id/1205932/video_id/1189501/	https://ru.wikipedia.org/wiki/4_(%D1%87%D0%B8%D1%81%D0%BB%D0%BE)	https://www.ivi.ru/movies/melodramy/page4	https://1plus1.ua/1plus1video/liga-smeha/4-sezon	https://1plus1.ua/odruzhennya-naoslip/video/viktoria-j-oleg-odruzenna-naoslip-2-vipusk-4-sezon	https://football24.ua/ru/dinamo_minsk__zenit__40__video_golov_n481108/	http://football.ua/uefa/368961-dinamo-mn-zenit-40-video-golov-i-obzor-matcha.html	https://hard.rozetka.com.ua/jbl_flip4_black/p16899206/	https://newsone.ua/news/sport/sensatsija-dnja-minskoe-dinamo-razhromilo-rossijskij-zenit-v-lihe-evropy-40-video.html	https://www.channel4.com/programmes/categories/entertainment	https://www.1tv.ru/movies/inkvizitor/inkvizitor-3-i-4-serii-smotrite-na-oficialnom-sayte-pervogo-kanala-2-avgusta-v-23-00	https://www.youtube.com/watch?v=iTEpX34d2LM	https://allo.ua/ru/products/mobile/xiaomi-mi-a1-4-32-red.html	https://eu.shop.battle.net/en-gb/product/call-of-duty-black-ops-4	https://2x2tv.ru/video/owl/season-4/	https://www.championat.com/football/article-3510931-liga-evropy-dinamo-minsk--zenit-sankt-peterburg--40.html	http://www.flalottery.com/pick4	https://bibleonline.ru/bible/rus/41/04/	http://trysyny.com/4-star/ua/	https://www.bbc.co.uk/schedules/p00fzl7l	https://levada.if.ua/object/kvartal-levada/4-cherga/	https://www.calottery.com/play/draw-games/daily-4	https://litnet.com/ru/book/mazhor-4-specnaz-navsegda-b75019	https://www.wendys.com/meal-deals	http://gs1.com.ua/objects/14-zhk-mira	http://www.bridgebase.com/client/web4.php	https://www.eway.in.ua/ru/cities/kamianske/routes/31	https://rutube.ru/metainfo/tv/3637/season4	https://parivahan.gov.in/vahan/	https://tophotels.ru/hotel/al127359	https://fishki.net/4/	https://www.kinopoisk.ru/film/mstiteli-4-2019-843650/cast/	https://nylottery.ny.gov/win-4/past-winning-numbers	https://meduza.io/feature/2018/08/09/minskoe-dinamo-razgromilo-zenit-4-0-pered-matchem-piterskie-fanaty-ustroili-shestvie-po-minsku-s-fayerami	https://www.njlottery.com/en-us/drawgames/pick4.html	https://www.hoosierlottery.com/games/daily-4	https://novaposhta.ua/ru/office/view/id/4/city/%D0%9E%D0%B4%D0%B5%D1%81%D1%81%D0%B0	http://vseigru.net/ogon-i-voda/2820-igra-ogon-i-voda-4-v-khrustalnom-khrame.html	http://sp.freehat.cc/episode/season-4/	https://www.privat24.ua/	https://rf4game.ru/ru/news/	https://www.itv.com/hub/love-island/2a3697a0134	https://www.mlb.com/whitesox/tickets/packs/family-4-packs	http://kosti-tv.com/online/4-season/	http://kyxnya.com/online/4-season/	https://www.kp.ru/putevoditel/serialy/luchshe-zvonite-solu-4-sezon/	https://www.skygo.co.nz/livetv/sky_sport_4	https://karofilm.ru/theatres	https://www.w3schools.com/bootstrap4/bootstrap_grid_examples.asp	https://www.sports.ru/football/1065959010.html	http://strela-online.com/online/4-season/	http://dynamo.kiev.ua/news/305988-sudya-kotorogo-politsiya-vyizvala-na-dopros-po-dogovornyim-matcham-obsluzhit-match-4-go-tura-upl	https://www.stoloto.ru/4x20/game	https://www.delivery-auto.com/ru-RU/Representatives/Details/1b2b2e61-ad7f-e411-bf77-000d3a200160	https://pogoda.ee/prognoz/	https://www.decathlon.ru/semejna-palatka-arpenaz-4-_e1-id_8322425.html	https://epicentrk.ua/market/epicentr-kiev-viskoznaya	https://www.wral.com/entertainment/lottery/video/1075494/	https://www.sport-express.ru/football/europa-league/reviews/dinamo-mn-zenit-4-0-liga-evropy-3-y-otborochnyy-raund-9-avgusta-2018-obzor-matcha-1444113/	http://domohozayki.com/online/4-season/	https://afisha.tut.by/concert/festival_rok_za_bobrov_2016/	https://www.vseprosport.ru/news/four/	https://r4.err.ee/	https://getbootstrap.com/docs/4.1/components/forms/	https://www.facenews.ua/video/2018/307543/	https://vshkole.com/4-klass/reshebniki	https://fourthree.boilerroom.tv/	https://vodokanal.kharkov.ua/news	https://www.clickondetroit.com/live/watch-local-4-news-live	https://www.tripadvisor.ru/Hotel_Review-g1190326-d557491-Reviews-Camyuva_Beach_Hotel-Camyuva_Kemer_Turkish_Mediterranean_Coast.html	https://www.metropcs.com/shop/phones/details/LG-Stylo-4/610214656230	https://fakty.ictv.ua/ua/ukraine/20180809-bojovyky-obstrilyaly-avto-vijskovyh-pid-zolotym-1-zagyblyj-4-poranenyh/	https://fontawesome.com/v4.7.0/	http://www.consultant.ru/document/cons_doc_LAW_34661/423d650543917f5abe5c2480d6fb3fca332f9d22/	https://direct.asda.com/george/kids/girls-4-14-years/D25M2G1C23,default,sc.html	https://mon.gov.ua/ua/osvita/zagalna-serednya-osvita/navchalni-programi/navchalni-programi-dlya-pochatkovoyi-shkoli	https://www.gsmarena.com/xiaomi_mi_pad_4-9249.php	https://e.mail.ru/	https://books.google.com.ua/books?id=Jq9MDwAAQBAJ&pg=PA1842&lpg=PA1842&dq=4&source=bl&ots=qig6INGjT1&sig=zMRNTfmP3YGNfLfiuU7GwVChMm8&hl=ru&sa=X&ved=2ahUKEwjfl5y0suLcAhWRHjQIHfw8AHQQ6AEwX3oECBIQAQ	https://habr.com/post/413997/	https://www.mi.com/in/mi-led-smart-tv-4-55/	https://eldorado.ua/smartphones/c1038946/producer=xiaomi/	https://mygrantinfo.csac.ca.gov/	http://animevost.org/page/4/	http://web.mta.info/nyct/service/fourline.htm	https://news.sportbox.ru/Vidy_sporta/Futbol/europa_league/stats/turnir_14595/game_1380667269	https://sport.ua/football/results/ukraine/1/fixture	https://ru.4game.com/	https://dulacetduparc.com/ru/	https://biarritzresort.ru/	https://pogoda.e1.ru/	http://www.patriarchia.ru/bu/tomorrow	https://www.samsung.com/ru/smartphones/	http://dnevniki-vampira.org/online/4-season/	http://www.mdlottery.com/games/pick-3/	http://www.fox4news.com/weather
